word,count
pointing,1
declaration,3
dynamic,2
splitting,7
prefix,1
concept,1
sleep,1
implement,2
reasoning,1
votes,2
program,8
swap,5
nodes,3
returning,1
void,1
util,1
tostring,41
decide,1
difference,3
afca,1
rectangle,6
list,17
solution,1
vector,5
println,2
enhance,1
force,1
netbeans,3
komodo,1
design,1
displays,1
pass,3
functioning,1
expressive,1
even,1
guarantees,1
gridbag,1
numberformat,4
displaying,1
ebbf,1
increasing,2
method,78
movement,1
never,1
equals,3
behaviour,1
selective,1
active,4
placeholder,1
search,11
items,1
action,5
changes,1
shorthand,1
replace,1
visible,1
marsmultiple,1
jbutton,2
unit,2
contains,1
comparing,4
sample,1
call,25
type,12
matlab,1
separated,3
diamond,1
actionlistener,3
hashcode,1
buttongroup,2
particular,1
jsplitpane,4
aligned,1
orderby,1
keeping,1
join,1
equation,1
work,4
eclipse,8
junit,1
install,1
learn,1
exceptions,1
example,1
history,1
compare,6
preserving,1
colorlistener,1
currency,12
minimum,10
numbers,14
sharp,5
information,2
recursive,20
breaking,1
maps,1
actionscript,1
interview,1
printwriter,2
replacing,1
advice,1
derived,2
wrong,2
bdae,1
minimizes,1
types,2
attempt,1
postfix,8
register,1
complexity,1
algorithms,3
enter,6
order,3
cffe,1
help,2
developed,1
isnt,1
keyboard,2
nets,1
textbox,2
concatenating,1
afbf,1
implementati,1
combobox,2
tabbedpane,1
solving,1
writing,1
better,1
jbuttons,4
versus,1
good,1
return,13
linetoparse,3
bank,1
always,1
decimal,13
filling,1
artifical,2
debug,2
thenewboston,1
mean,7
outputstream,1
numeric,1
gridbaglayout,4
loops,4
extract,4
array,96
content,1
generics,1
print,6
offline,2
issue,4
hashset,1
standard,3
execute,1
members,1
detecting,1
infix,7
thread,4
english,1
creates,1
assign,2
purpose,1
number,14
cursor,1
another,16
service,1
gambeboard,1
paint,2
statement,3
percentage,4
cycle,1
store,10
listen,2
mutate,1
behind,1
signup,2
getter,2
cccf,1
serializable,2
undefined,1
jquery,1
keyword,6
double,5
tree,4
project,1
classes,16
declare,3
promptinput,2
constructors,5
compareto,2
null,5
accesscontrol,1
paths,1
built,1
quicksort,3
oriented,1
recommended,2
causing,1
finding,3
fstackoverflow,5
object,16
clears,1
significant,1
iterate,1
runnable,1
windows,6
clear,4
partition,16
part,2
febd,1
incorporate,1
random,4
algori,1
syntax,8
colors,2
registers,2
radio,11
linkedlists,1
find,13
layout,1
parameters,3
implementation,2
dthenewboston,1
generators,1
updating,2
pretty,1
override,1
getselectedvalue,3
notation,5
stop,1
fastest,1
nicely,1
fields,1
bytes,1
remove,9
public,5
common,4
automatic,1
vklfhvfdfpwpcxllfqv,1
signify,1
reference,7
throwing,1
intelligence,2
testing,1
datatyp,1
mutator,8
setcurrency,1
result,3
close,3
best,8
listeners,3
smallest,2
concatenate,2
terms,1
creating,4
constuctor,1
japplet,2
interfaces,2
javascript,9
interface,7
packages,1
protect,3
last,1
reverse,1
country,2
arraylist,60
merging,3
logic,1
login,4
load,2
point,3
simple,4
inteface,1
gridlayout,2
java,409
create,20
tabs,2
much,1
basic,3
tutorials,1
parents,1
entered,1
numpy,1
empty,4
generating,1
dcfb,1
precision,1
else,1
funtion,1
child,4
catch,1
spim,2
exception,11
handling,1
comparator,5
batch,1
formatting,3
error,7
loop,25
ccdac,1
player,1
cant,6
mouse,1
make,10
punctuation,1
hadoop,1
clearly,1
read,9
split,8
modification,1
composition,2
used,2
assignment,1
declaring,2
numerical,1
aggregation,1
moving,1
user,20
characters,1
mips,15
stack,7
recent,1
jframe,4
inherit,1
boxlayout,9
abstractbutton,1
buttonlistener,1
sentence,1
quotes,1
questions,4
previous,1
adding,15
enters,1
bcaab,1
nextint,2
character,6
source,1
collections,1
relevance,4
input,33
save,2
casting,4
format,28
showing,2
possible,2
quest,1
background,3
integer,13
overriding,1
specific,3
bacf,1
decompile,1
google,2
methods,18
isssues,1
examples,1
bigdecimal,1
scala,2
subclass,7
canvaspanel,1
processing,1
super,5
properties,1
integers,7
firing,1
range,1
plus,1
unsorted,1
positive,1
block,1
whats,2
javac,2
within,7
parsing,6
right,1
ints,2
javax,3
rows,2
applets,2
question,1
stuck,2
files,3
head,3
adjusting,2
converse,1
properly,1
heap,2
line,12
groovy,1
arrays,22
inside,6
bounds,1
today,1
called,1
fcdfec,1
defined,1
abstract,28
parser,6
accessibility,1
package,2
char,5
engineering,1
chat,1
jgetting,1
check,8
fixing,1
invalid,3
application,5
setting,1
outputs,1
test,3
node,1
draw,5
elements,9
users,1
center,1
problems,4
utilities,1
allowing,1
variable,12
structure,5
ccaf,1
lang,7
faster,2
algorithm,14
jradiobutton,3
required,3
mouselistener,5
together,1
jpanel,12
time,2
oracle,1
sscce,1
stacks,2
code,13
hashmap,2
minscore,1
existing,1
toggle,1
query,1
rectangles,4
issues,1
fsearch,3
environment,1
randomstringutils,1
setactioncommand,1
aspx,2
jtextarea,8
swtich,1
string,70
programmatically,1
sorting,9
telling,1
trouble,3
partitions,2
swapping,3
button,13
mousemotionlistener,3
item,5
quick,6
round,2
occurrence,1
obsolete,3
sign,3
jwindow,1
layouts,1
insertion,4
initialized,4
click,2
index,5
lexicographic,1
access,11
shared,6
filled,2
mergesort,11
spacing,1
objects,13
address,2
accessor,6
change,8
convert,12
containsobj,1
weird,1
navigation,1
jradiobuttons,1
private,8
modifying,1
names,2
instan,2
working,3
mouseevent,4
nullness,1
next,2
memory,2
diagrams,1
sort,94
babf,1
clicking,1
appending,1
getters,4
equivalents,1
lexicalorder,1
dmerge,1
cases,1
begginer,1
overloaded,1
printing,10
values,8
merged,1
following,1
modifier,1
javadom,1
abca,1
substring,2
counting,1
listens,1
borderlayout,2
inheritance,15
write,11
parameter,5
circular,1
inputs,9
product,7
wallpaper,2
collection,1
produce,1
date,2
data,7
efficiently,1
counter,2
element,5
switch,4
allow,1
move,4
displayed,1
looping,2
eebc,1
looks,1
converting,5
still,1
pointer,3
group,5
subpanel,1
main,11
defining,1
float,2
python,7
auto,2
onlinestore,1
conquer,1
sorted,5
wont,2
articles,2
term,1
name,5
edit,3
divider,1
dabf,1
merge,81
oncreate,1
nextdouble,3
instancenew,1
retrieve,2
connectedaddrconsta,1
buildings,1
simpledateformat,1
static,11
operand,1
programmer,1
canvas,5
container,8
rounding,1
formula,1
correct,1
inputted,1
ajax,1
initialize,3
laravel,1
backwards,1
yard,1
deprecated,2
could,2
programming,2
keep,1
counthowmany,1
thing,1
length,4
place,8
swing,7
jcheckbox,1
afcea,1
variables,13
nested,2
occurrences,2
message,1
size,2
given,4
start,1
unknown,1
system,3
wrapper,2
awterror,1
bvbrp,1
mining,1
hidereview,1
explanation,1
exactly,1
lists,1
getxonscreen,1
copy,5
semantics,1
pointers,1
shunting,1
applet,9
protected,9
getcontentpane,3
linkedlist,8
viewer,2
dynamically,2
argument,3
need,4
linked,5
documents,1
efficient,3
note,1
instance,5
take,2
netbean,1
performance,1
switching,2
multiple,17
decreasing,1
cleared,2
class,94
forever,1
textarea,1
considered,1
subtab,1
fact,1
operations,1
selection,2
text,12
caccc,1
spaces,3
trivial,1
based,4
outside,7
buttons,12
black,4
inherited,1
invocation,1
local,1
info,1
handle,3
evaluationusing,1
listener,9
jtextfield,1
closure,1
instantiate,4
calling,6
whether,2
radiobuttons,1
contain,1
conversions,1
declared,1
frame,1
module,2
maximum,3
enhanced,2
recorrecting,1
closes,1
extend,1
registering,1
jpanels,1
clearing,1
enough,1
quickest,1
correctly,1
reading,5
intabc,1
alphabetically,4
parent,4
screen,1
implementing,3
eecfa,1
serialization,4
spark,2
plugin,1
equal,1
decimala,1
tour,1
figures,1
passing,6
decimals,4
setters,3
among,1
storing,3
color,16
dataframe,1
arraylists,6
webapp,1
returnurl,5
locally,1
json,1
mars,1
actionevent,6
qkebp,1
jlist,6
decimalformat,4
corresponding,1
graphics,1
encapsulation,3
case,3
plain,1
single,3
value,11
compile,3
cast,7
manually,1
parse,19
stringtokenizer,1
pthread,1
updateui,2
binary,1
different,4
generic,3
bufferedreader,4
member,2
factorial,1
html,27
arguments,2
deselected,1
android,2
gets,1
events,3
http,5
disadvantages,1
initialization,2
upon,1
defb,1
running,1
changing,2
implements,4
polymorphism,4
reflection,5
jlable,1
expression,1
colour,1
without,4
solve,1
components,4
sets,1
comparisons,2
mutating,1
drawing,2
newest,2
obtain,1
dfea,1
console,2
generator,1
obfuscateprotect,1
desktop,2
spinner,1
intvalue,1
valid,2
extends,2
association,1
usage,2
around,2
checking,1
fsuper,1
grid,1
listening,1
press,1
using,39
insert,2
necessary,2
like,5
sizes,1
aschmalzworld,1
output,3
page,8
searching,1
library,2
superclass,1
flush,1
avoid,1
exit,1
inject,1
statements,1
accessing,1
assembly,3
olog,1
equivalent,2
enum,3
robots,1
offset,2
panel,1
extension,1
getting,8
constructor,22
nullpointerexception,10
image,4
doesnt,1
determine,1
utility,6
terminated,1
area,2
removing,1
strict,1
function,18
complete,1
dbff,1
expected,1
overflow,2
trying,5
parsestringtoproduct,6
count,1
pull,1
compute,4
converter,2
places,4
default,5
problem,1
subclasses,1
display,2
ssrc,3
scanner,20
certain,1
deep,4
general,3
intro,1
file,8
importing,2
hasnextdouble,2
functions,2
comboboxes,1
field,3
book,1
separate,6
symbol,2
internalframe,1
dhow,1
ndarray,1
breaks,1
removeduplicate,2
validation,1
strings,7
